{"cameraMode":{"drawMode":0,"name":"Shaded","section":"Shading Mode"},"sceneLighting":true,"audioPlay":false,"sceneViewState":{"showFog":true,"showMaterialUpdate":false,"showSkybox":true,"showFlares":true,"showImageEffects":true,"showParticleSystems":true},"in2DMode":false,"pivot":{"x":-172.09817504882813,"y":-121.98153686523438,"z":19.593711853027345},"rotation":{"x":0.2265845239162445,"y":-0.628971517086029,"z":0.1990106701850891,"w":0.7166903614997864},"size":335.235595703125,"orthographic":false}